name|productUrl|imageUrl|description|price|currency|TDProductId|TDCategoryID|TDCategoryName|merchantCategoryName|sku|shortDescription|promoText|previousPrice|warranty|availability|inStock|shippingCost|deliveryTime|weight|size|brand|model|ean|upc|isbn|condition|mpn|techSpecs|manufacturer|programName|programLogoPath|programId|advertiserProductUrl|fields
"DONNA KARAN COLLECTION - FOOTWEAR - High-heeled sandals"|"http://pdt.tradedoubler.com/click?a(2332345)p(209707)prod(969739333)ttid(5)url(http%3A%2F%2Fwww.yoox.com%2Fitem.asp%3Fcod10%3D44392626%26tp%3D31059)"|"http://cdn.yoox.biz/44/44392626_2.JPG"|"Jersey Metallic inserts Leather sole Covered heel Jersey Sandals  Soft leather, Textile fibres"|"85.00"|"GBP"|"969739333"|"760"|"Women shoes"|"FOOTWEAR_High-heeled sandals_D"|"44392626"|"DONNA KARAN COLLECTION - FOOTWEAR - High-heeled sandals"|""|"349.00"|""|"Now"|"1"|"7.00"|"Standard: Delivery in 4-6 working days"|""|"4,5,5.5"|"DONNA KARAN COLLECTION"|""|""|""|""|"New"|""|""|""|"YOOX_direct UK"|""|"209707"|"http://www.yoox.com/item.asp?cod10=44392626&tp=31059"|"color:Ivory;largeimage:http://cdn.yoox.biz/44/44392626UD_14_F.JPG;mediumimage:http://cdn.yoox.biz/44/44392626UD_12_F.JPG;sex:WOMEN"
"CUPL? - FOOTWEAR - High-heeled sandals"|"http://pdt.tradedoubler.com/click?a(2332345)p(209707)prod(989643363)ttid(5)url(http%3A%2F%2Fwww.yoox.com%2Fitem.asp%3Fcod10%3D44405991%26tp%3D31059)"|"http://cdn.yoox.biz/44/44405991_2.JPG"|"Sueded Solid colour Side buckle closure Open toe Logo pendant detail Sole in eco-leather Square heel Small sized No No platform Sandals  Soft leather"|"35.00"|"GBP"|"989643363"|"760"|"Women shoes"|"FOOTWEAR_High-heeled sandals_D"|"44405991"|"CUPL? - FOOTWEAR - High-heeled sandals"|""|"86.00"|""|"Now"|"1"|"7.00"|"Standard: Delivery in 4-6 working days"|""|"4,5"|"CUPL?"|""|""|""|""|"New"|""|""|""|"YOOX_direct UK"|""|"209707"|"http://www.yoox.com/item.asp?cod10=44405991&tp=31059"|"color:Red;largeimage:http://cdn.yoox.biz/44/44405991TS_14_F.JPG;mediumimage:http://cdn.yoox.biz/44/44405991TS_12_F.JPG;sex:WOMEN"
"OBELINE - FOOTWEAR - High-heeled sandals"|"http://pdt.tradedoubler.com/click?a(2332345)p(209707)prod(1034671581)ttid(5)url(http%3A%2F%2Fwww.yoox.com%2Fitem.asp%3Fcod10%3D44415324%26tp%3D31059)"|"http://cdn.yoox.biz/44/44415324_2.JPG"|"Solid colour Round toeline Rear zip closure No appliqu&#233;s Leather sole Stiletto heel No No Sandals  Soft leather, Textile fibres"|"42.00"|"GBP"|"1034671581"|"760"|"Women shoes"|"FOOTWEAR_High-heeled sandals_D"|"44415324"|"OBELINE - FOOTWEAR - High-heeled sandals"|""|"120.00"|""|"Now"|"1"|"7.00"|"Standard: Delivery in 4-6 working days"|""|"3,6,7"|"OBELINE"|""|""|""|""|"New"|""|""|""|"YOOX_direct UK"|""|"209707"|"http://www.yoox.com/item.asp?cod10=44415324&tp=31059"|"color:Dark brown - Black;largeimage:http://cdn.yoox.biz/44/44415324LC_14_F.JPG;mediumimage:http://cdn.yoox.biz/44/44415324LC_12_F.JPG;sex:WOMEN"
"GRENDHA - FOOTWEAR - High-heeled sandals"|"http://pdt.tradedoubler.com/click?a(2332345)p(209707)prod(1166553643)ttid(5)url(http%3A%2F%2Fwww.yoox.com%2Fitem.asp%3Fcod10%3D44323635%26tp%3D31059)"|"http://cdn.yoox.biz/44/44323635_2.JPG"|"Buckling ankle strap closure Rhinestone detailing Rubber sole Sandals  Rubber"|"13.00"|"GBP"|"1166553643"|"760"|"Women shoes"|"FOOTWEAR_High-heeled sandals_D"|"44323635"|"GRENDHA - FOOTWEAR - High-heeled sandals"|""|"19.00"|""|"Now"|"1"|"7.00"|"Standard: Delivery in 4-6 working days"|""|"3,4.5,5,6,6.5,7"|"GRENDHA"|""|""|""|""|"New"|""|""|""|"YOOX_direct UK"|""|"209707"|"http://www.yoox.com/item.asp?cod10=44323635&tp=31059"|"color:Gold - Mauve - Transparent;largeimage:http://cdn.yoox.biz/44/44323635BW_14_F.JPG;mediumimage:http://cdn.yoox.biz/44/44323635BW_12_F.JPG;sex:WOMEN"
"CAFE'NOIR - FOOTWEAR - High-heeled sandals"|"http://pdt.tradedoubler.com/click?a(2332345)p(209707)prod(1166555273)ttid(5)url(http%3A%2F%2Fwww.yoox.com%2Fitem.asp%3Fcod10%3D44453683%26tp%3D31059)"|"http://cdn.yoox.biz/44/44453683_2.JPG"|"Solid colour Round toeline Bow detailing Rubber sole Wooden heel No No platform not made of fur Sandals  Faux leather"|"25.00"|"GBP"|"1166555273"|"760"|"Women shoes"|"FOOTWEAR_High-heeled sandals_D"|"44453683"|"CAFE'NOIR - FOOTWEAR - High-heeled sandals"|""|"69.00"|""|"Now"|"1"|"7.00"|"Standard: Delivery in 4-6 working days"|""|"3,4,5,6,7"|"CAFE'NOIR"|""|""|""|""|"New"|""|""|""|"YOOX_direct UK"|""|"209707"|"http://www.yoox.com/item.asp?cod10=44453683&tp=31059"|"color:Beige - White - Black;largeimage:http://cdn.yoox.biz/44/44453683EP_14_F.JPG;mediumimage:http://cdn.yoox.biz/44/44453683EP_12_F.JPG;sex:WOMEN"
"CAFE'NOIR - FOOTWEAR - High-heeled sandals"|"http://pdt.tradedoubler.com/click?a(2332345)p(209707)prod(1166555317)ttid(5)url(http%3A%2F%2Fwww.yoox.com%2Fitem.asp%3Fcod10%3D44453776%26tp%3D31059)"|"http://cdn.yoox.biz/44/44453776_2.JPG"|"Textured leather Solid colour Side buckle closure Round toeline No appliqu&#233;s Rubber sole Wooden heel Textured leather No No Non contiene Pelliccia Sandals  Soft leather"|"25.00"|"GBP"|"1166555317"|"760"|"Women shoes"|"FOOTWEAR_High-heeled sandals_D"|"44453776"|"CAFE'NOIR - FOOTWEAR - High-heeled sandals"|""|"85.00"|""|"Now"|"1"|"7.00"|"Standard: Delivery in 4-6 working days"|""|"3,4,5,6,7"|"CAFE'NOIR"|""|""|""|""|"New"|""|""|""|"YOOX_direct UK"|""|"209707"|"http://www.yoox.com/item.asp?cod10=44453776&tp=31059"|"color:Grey;largeimage:http://cdn.yoox.biz/44/44453776KG_14_F.JPG;mediumimage:http://cdn.yoox.biz/44/44453776KG_12_F.JPG;sex:WOMEN"
"CAFE'NOIR - FOOTWEAR - High-heeled sandals"|"http://pdt.tradedoubler.com/click?a(2332345)p(209707)prod(1166555483)ttid(5)url(http%3A%2F%2Fwww.yoox.com%2Fitem.asp%3Fcod10%3D44454669%26tp%3D31059)"|"http://cdn.yoox.biz/44/44454669_2.JPG"|"Sueded Solid colour Buckling ankle strap closure Round toeline Contrasting trim Contrasting applications Rubber sole Covered cigarette heel No No platform not made of fur Sandals  Soft leather, Textile fibres"|"25.00"|"GBP"|"1166555483"|"760"|"Women shoes"|"FOOTWEAR_High-heeled sandals_D"|"44454669"|"CAFE'NOIR - FOOTWEAR - High-heeled sandals"|""|"85.00"|""|"Now"|"1"|"7.00"|"Standard: Delivery in 4-6 working days"|""|"3,4,5"|"CAFE'NOIR"|""|""|""|""|"New"|""|""|""|"YOOX_direct UK"|""|"209707"|"http://www.yoox.com/item.asp?cod10=44454669&tp=31059"|"color:Grey;largeimage:http://cdn.yoox.biz/44/44454669QB_14_F.JPG;mediumimage:http://cdn.yoox.biz/44/44454669QB_12_F.JPG;sex:WOMEN"
"FABIO RUSCONI - FOOTWEAR - High-heeled sandals"|"http://pdt.tradedoubler.com/click?a(2332345)p(209707)prod(1166555863)ttid(5)url(http%3A%2F%2Fwww.yoox.com%2Fitem.asp%3Fcod10%3D44457063%26tp%3D31059)"|"http://cdn.yoox.biz/44/44457063_2.JPG"|"Solid colour Side buckle closure Round toeline No appliqu&#233;s Leather sole Covered cone heel No No platform not made of fur Sandals  Soft leather"|"59.00"|"GBP"|"1166555863"|"760"|"Women shoes"|"FOOTWEAR_High-heeled sandals_D"|"44457063"|"FABIO RUSCONI - FOOTWEAR - High-heeled sandals"|""|"115.00"|""|"Now"|"1"|"7.00"|"Standard: Delivery in 4-6 working days"|""|"3,4,4.5,5,6,7"|"FABIO RUSCONI"|""|""|""|""|"New"|""|""|""|"YOOX_direct UK"|""|"209707"|"http://www.yoox.com/item.asp?cod10=44457063&tp=31059"|"color:Beige - Light green - Fuchsia;largeimage:http://cdn.yoox.biz/44/44457063HE_14_F.JPG;mediumimage:http://cdn.yoox.biz/44/44457063HE_12_F.JPG;sex:WOMEN"
"DANIELE ANCARANI - FOOTWEAR - High-heeled sandals"|"http://pdt.tradedoubler.com/click?a(2332345)p(209707)prod(1166555873)ttid(5)url(http%3A%2F%2Fwww.yoox.com%2Fitem.asp%3Fcod10%3D44457106%26tp%3D31059)"|"http://cdn.yoox.biz/44/44457106_2.JPG"|"Sueded Solid colour Elasticised straps Round toeline No appliqu&#233;s Leather sole Kitten heel No No platform not made of fur Sandals  Soft leather"|"35.00"|"GBP"|"1166555873"|"760"|"Women shoes"|"FOOTWEAR_High-heeled sandals_D"|"44457106"|"DANIELE ANCARANI - FOOTWEAR - High-heeled sandals"|""|"96.00"|""|"Now"|"1"|"7.00"|"Standard: Delivery in 4-6 working days"|""|"2,3,4,4.5,5,5.5,6.5,7.5"|"DANIELE ANCARANI"|""|""|""|""|"New"|""|""|""|"YOOX_direct UK"|""|"209707"|"http://www.yoox.com/item.asp?cod10=44457106&tp=31059"|"color:Camel - Slate blue - Grey - Black;largeimage:http://cdn.yoox.biz/44/44457106SF_14_F.JPG;mediumimage:http://cdn.yoox.biz/44/44457106SF_12_F.JPG;sex:WOMEN"
"LOLA CRUZ - FOOTWEAR - High-heeled sandals"|"http://pdt.tradedoubler.com/click?a(2332345)p(209707)prod(1166556149)ttid(5)url(http%3A%2F%2Fwww.yoox.com%2Fitem.asp%3Fcod10%3D44458155%26tp%3D31059)"|"http://cdn.yoox.biz/44/44458155_2.JPG"|"Solid colour Buckling ankle strap closure Round toeline Metal Applications Leather sole Wooden heel No No platform Non contiene Pelliccia Sandals  Soft leather"|"22.00"|"GBP"|"1166556149"|"760"|"Women shoes"|"FOOTWEAR_High-heeled sandals_D"|"44458155"|"LOLA CRUZ - FOOTWEAR - High-heeled sandals"|""|"86.00"|""|"Now"|"1"|"7.00"|"Standard: Delivery in 4-6 working days"|""|"3,4,5,6,7"|"LOLA CRUZ"|""|""|""|""|"New"|""|""|""|"YOOX_direct UK"|""|"209707"|"http://www.yoox.com/item.asp?cod10=44458155&tp=31059"|"color:Skin colour - Beige - Cocoa;largeimage:http://cdn.yoox.biz/44/44458155WI_14_F.JPG;mediumimage:http://cdn.yoox.biz/44/44458155WI_12_F.JPG;sex:WOMEN"
"?QUAESITO - FOOTWEAR - High-heeled sandals"|"http://pdt.tradedoubler.com/click?a(2332345)p(209707)prod(1166557047)ttid(5)url(http%3A%2F%2Fwww.yoox.com%2Fitem.asp%3Fcod10%3D44462821%26tp%3D31059)"|"http://cdn.yoox.biz/44/44462821_2.JPG"|"Solid colour Round toeline Flower application Rubber sole Square heel No No platform Non contiene Pelliccia Sandals  Soft leather"|"39.00"|"GBP"|"1166557047"|"760"|"Women shoes"|"FOOTWEAR_High-heeled sandals_D"|"44462821"|"?QUAESITO - FOOTWEAR - High-heeled sandals"|""|"130.00"|""|"Now"|"1"|"7.00"|"Standard: Delivery in 4-6 working days"|""|"3,4,7"|"?QUAESITO"|""|""|""|""|"New"|""|""|""|"YOOX_direct UK"|""|"209707"|"http://www.yoox.com/item.asp?cod10=44462821&tp=31059"|"color:Dove grey;largeimage:http://cdn.yoox.biz/44/44462821SB_14_F.JPG;mediumimage:http://cdn.yoox.biz/44/44462821SB_12_F.JPG;sex:WOMEN"
"L' AUTRE CHOSE - FOOTWEAR - High-heeled sandals"|"http://pdt.tradedoubler.com/click?a(2332345)p(209707)prod(1166557389)ttid(5)url(http%3A%2F%2Fwww.yoox.com%2Fitem.asp%3Fcod10%3D44464132%26tp%3D31059)"|"http://cdn.yoox.biz/44/44464132_2.JPG"|"Solid colour Round toeline No appliqu&#233;s Leather sole Square heel Small sized No No platform Non contiene Pelliccia Sandals  Soft leather"|"42.00"|"GBP"|"1166557389"|"760"|"Women shoes"|"FOOTWEAR_High-heeled sandals_D"|"44464132"|"L' AUTRE CHOSE - FOOTWEAR - High-heeled sandals"|""|"100.00"|""|"Now"|"1"|"7.00"|"Standard: Delivery in 4-6 working days"|""|"3,4,4.5,5,5.5,6,6.5,7"|"L' AUTRE CHOSE"|""|""|""|""|"New"|""|""|""|"YOOX_direct UK"|""|"209707"|"http://www.yoox.com/item.asp?cod10=44464132&tp=31059"|"color:Tan;largeimage:http://cdn.yoox.biz/44/44464132PT_14_F.JPG;mediumimage:http://cdn.yoox.biz/44/44464132PT_12_F.JPG;sex:WOMEN"
"VIC - FOOTWEAR - High-heeled sandals"|"http://pdt.tradedoubler.com/click?a(2332345)p(209707)prod(1166560903)ttid(5)url(http%3A%2F%2Fwww.yoox.com%2Fitem.asp%3Fcod10%3D44479350%26tp%3D31059)"|"http://cdn.yoox.biz/44/44479350_2.JPG"|"Solid colour Rear zip closure Round toeline Stitching No appliqu&#233;s Rubber sole Cone heel Shoe boots No No platform not made of fur Sandals  Soft leather"|"45.00"|"GBP"|"1166560903"|"760"|"Women shoes"|"FOOTWEAR_High-heeled sandals_D"|"44479350"|"VIC - FOOTWEAR - High-heeled sandals"|""|"100.00"|""|"Now"|"1"|"7.00"|"Standard: Delivery in 4-6 working days"|""|"2,3,3.5,4,5"|"VIC"|""|""|""|""|"New"|""|""|""|"YOOX_direct UK"|""|"209707"|"http://www.yoox.com/item.asp?cod10=44479350&tp=31059"|"color:Ochre - Brown;largeimage:http://cdn.yoox.biz/44/44479350WK_14_F.JPG;mediumimage:http://cdn.yoox.biz/44/44479350WK_12_F.JPG;sex:WOMEN"
"COSTUME NATIONAL - FOOTWEAR - High-heeled sandals"|"http://pdt.tradedoubler.com/click?a(2332345)p(209707)prod(1178270743)ttid(5)url(http%3A%2F%2Fwww.yoox.com%2Fitem.asp%3Fcod10%3D44470820%26tp%3D31059)"|"http://cdn.yoox.biz/44/44470820_2.JPG"|"Solid colour Side buckle closure Square toeline No appliqu&#233;s Leather sole Wooden heel Hand-crafted workmanship No No platform not made of fur Sandals  Soft leather"|"98.00"|"GBP"|"1178270743"|"760"|"Women shoes"|"FOOTWEAR_High-heeled sandals_D"|"44470820"|"COSTUME NATIONAL - FOOTWEAR - High-heeled sandals"|""|"177.00"|""|"Now"|"1"|"7.00"|"Standard: Delivery in 4-6 working days"|""|"3,4,5,6,7"|"COSTUME NATIONAL"|""|""|""|""|"New"|""|""|""|"YOOX_direct UK"|""|"209707"|"http://www.yoox.com/item.asp?cod10=44470820&tp=31059"|"color:Beige;largeimage:http://cdn.yoox.biz/44/44470820LL_14_F.JPG;mediumimage:http://cdn.yoox.biz/44/44470820LL_12_F.JPG;sex:WOMEN"
"LERRE - FOOTWEAR - High-heeled sandals"|"http://pdt.tradedoubler.com/click?a(2332345)p(209707)prod(1182533747)ttid(5)url(http%3A%2F%2Fwww.yoox.com%2Fitem.asp%3Fcod10%3D44485134%26tp%3D31059)"|"http://cdn.yoox.biz/44/44485134_2.JPG"|"Laminated effect Solid colour Side buckle closure Round toeline No appliqu&#233;s Leather sole Covered spike heel No No platform not made of fur Sandals  Soft leather"|"79.00"|"GBP"|"1182533747"|"760"|"Women shoes"|"FOOTWEAR_High-heeled sandals_D"|"44485134"|"LERRE - FOOTWEAR - High-heeled sandals"|""|"192.00"|""|"Now"|"1"|"7.00"|"Standard: Delivery in 4-6 working days"|""|"2,3,4,5,6,7,8"|"LERRE"|""|""|""|""|"New"|""|""|""|"YOOX_direct UK"|""|"209707"|"http://www.yoox.com/item.asp?cod10=44485134&tp=31059"|"color:Acid green - Sky blue - Silver;largeimage:http://cdn.yoox.biz/44/44485134IR_14_F.JPG;mediumimage:http://cdn.yoox.biz/44/44485134IR_12_F.JPG;sex:WOMEN"
"MANWOOD - FOOTWEAR - High-heeled sandals"|"http://pdt.tradedoubler.com/click?a(2332345)p(209707)prod(1182535063)ttid(5)url(http%3A%2F%2Fwww.yoox.com%2Fitem.asp%3Fcod10%3D44489511%26tp%3D31059)"|"http://cdn.yoox.biz/44/44489511_2.JPG"|"Laminated effect Solid colour Side buckle closure Round toeline Glitter Leather sole Wooden heel No No platform not made of fur Sandals  Soft leather"|"35.00"|"GBP"|"1182535063"|"760"|"Women shoes"|"FOOTWEAR_High-heeled sandals_D"|"44489511"|"MANWOOD - FOOTWEAR - High-heeled sandals"|""|"110.00"|""|"Now"|"1"|"7.00"|"Standard: Delivery in 4-6 working days"|""|"3,4.5,5,6,6.5,8"|"MANWOOD"|""|""|""|""|"New"|""|""|""|"YOOX_direct UK"|""|"209707"|"http://www.yoox.com/item.asp?cod10=44489511&tp=31059"|"color:Lead;largeimage:http://cdn.yoox.biz/44/44489511DN_14_F.JPG;mediumimage:http://cdn.yoox.biz/44/44489511DN_12_F.JPG;sex:WOMEN"
"LEPRE - FOOTWEAR - High-heeled sandals"|"http://pdt.tradedoubler.com/click?a(2332345)p(209707)prod(1182535271)ttid(5)url(http%3A%2F%2Fwww.yoox.com%2Fitem.asp%3Fcod10%3D44489986%26tp%3D31059)"|"http://cdn.yoox.biz/44/44489986_2.JPG"|"Iridescent effect Solid colour Slip on Round toeline No appliqu&#233;s Leather sole Covered spike heel No No platform not made of fur Sandals  Soft leather"|"79.00"|"GBP"|"1182535271"|"760"|"Women shoes"|"FOOTWEAR_High-heeled sandals_D"|"44489986"|"LEPRE - FOOTWEAR - High-heeled sandals"|""|"191.00"|""|"Now"|"1"|"7.00"|"Standard: Delivery in 4-6 working days"|""|"2,3,4,5,6,7,8"|"LEPRE"|""|""|""|""|"New"|""|""|""|"YOOX_direct UK"|""|"209707"|"http://www.yoox.com/item.asp?cod10=44489986&tp=31059"|"color:Turquoise - Light pink - Coral;largeimage:http://cdn.yoox.biz/44/44489986UM_14_F.JPG;mediumimage:http://cdn.yoox.biz/44/44489986UM_12_F.JPG;sex:WOMEN"
"MEGUMI OCHI - FOOTWEAR - High-heeled sandals"|"http://pdt.tradedoubler.com/click?a(2332345)p(209707)prod(1188100419)ttid(5)url(http%3A%2F%2Fwww.yoox.com%2Fitem.asp%3Fcod10%3D44492844%26tp%3D31059)"|"http://cdn.yoox.biz/44/44492844_2.JPG"|"Laminated effect Sueded Solid colour Elasticised gores Round toeline Stitching Contrasting applications Leather sole Wooden heel No No platform not made of fur Sandals  Soft leather"|"59.00"|"GBP"|"1188100419"|"760"|"Women shoes"|"FOOTWEAR_High-heeled sandals_D"|"44492844"|"MEGUMI OCHI - FOOTWEAR - High-heeled sandals"|""|"134.00"|""|"Now"|"1"|"7.00"|"Standard: Delivery in 4-6 working days"|""|"3,4,5,7,8"|"MEGUMI OCHI"|""|""|""|""|"New"|""|""|""|"YOOX_direct UK"|""|"209707"|"http://www.yoox.com/item.asp?cod10=44492844&tp=31059"|"color:Black;largeimage:http://cdn.yoox.biz/44/44492844IW_14_F.JPG;mediumimage:http://cdn.yoox.biz/44/44492844IW_12_F.JPG;sex:WOMEN"
"CALVIN KLEIN COLLECTION - FOOTWEAR - High-heeled sandals"|"http://pdt.tradedoubler.com/click?a(2332345)p(209707)prod(1196092261)ttid(5)url(http%3A%2F%2Fwww.yoox.com%2Fitem.asp%3Fcod10%3D44452612%26tp%3D31059)"|"http://cdn.yoox.biz/44/44452612_2.JPG"|"Solid colour Side buckle closure No appliqu&#233;s Square toeline Wooden heel Leather sole No No Contiene Pelliccia Sandals  Ponyskin"|"79.00"|"GBP"|"1196092261"|"760"|"Women shoes"|"FOOTWEAR_High-heeled sandals_D"|"44452612"|"CALVIN KLEIN COLLECTION - FOOTWEAR - High-heeled sandals"|""|"205.00"|""|"Now"|"1"|"7.00"|"Standard: Delivery in 4-6 working days"|""|"4,5,6,7,8"|"CALVIN KLEIN COLLECTION"|""|""|""|""|"New"|""|""|""|"YOOX_direct UK"|""|"209707"|"http://www.yoox.com/item.asp?cod10=44452612&tp=31059"|"color:Dark blue - Camel;largeimage:http://cdn.yoox.biz/44/44452612AD_14_F.JPG;mediumimage:http://cdn.yoox.biz/44/44452612AD_12_F.JPG;sex:WOMEN"
"ACROBATS OF GOD - FOOTWEAR - High-heeled sandals"|"http://pdt.tradedoubler.com/click?a(2332345)p(209707)prod(1214246011)ttid(5)url(http%3A%2F%2Fwww.yoox.com%2Fitem.asp%3Fcod10%3D44496947%26tp%3D31059)"|"http://cdn.yoox.biz/44/44496947_2.JPG"|"Solid colour Elasticised gores Round toeline No appliqu&#233;s Leather sole Wooden heel No No platform not made of fur Sandals  Textile fibres"|"79.00"|"GBP"|"1214246011"|"760"|"Women shoes"|"FOOTWEAR_High-heeled sandals_D"|"44496947"|"ACROBATS OF GOD - FOOTWEAR - High-heeled sandals"|""|"150.00"|""|"Now"|"1"|"7.00"|"Standard: Delivery in 4-6 working days"|""|"3,3.5,4.5,6,6.5,7"|"ACROBATS OF GOD"|""|""|""|""|"New"|""|""|""|"YOOX_direct UK"|""|"209707"|"http://www.yoox.com/item.asp?cod10=44496947&tp=31059"|"color:Brown;largeimage:http://cdn.yoox.biz/44/44496947KO_14_F.JPG;mediumimage:http://cdn.yoox.biz/44/44496947KO_12_F.JPG;sex:WOMEN"
"FIORIFRANCESI - FOOTWEAR - High-heeled sandals"|"http://pdt.tradedoubler.com/click?a(2332345)p(209707)prod(1218747953)ttid(5)url(http%3A%2F%2Fwww.yoox.com%2Fitem.asp%3Fcod10%3D44496568%26tp%3D31059)"|"http://cdn.yoox.biz/44/44496568_2.JPG"|"Varnished effect Multicolour Pattern Buckling ankle strap closure Square toeline No appliqu&#233;s Leather sole Square heel No No platform not made of fur Sandals  Soft leather"|"45.00"|"GBP"|"1218747953"|"760"|"Women shoes"|"FOOTWEAR_High-heeled sandals_D"|"44496568"|"FIORIFRANCESI - FOOTWEAR - High-heeled sandals"|""|"149.00"|""|"Now"|"1"|"7.00"|"Standard: Delivery in 4-6 working days"|""|"2,3,4,5,6,7"|"FIORIFRANCESI"|""|""|""|""|"New"|""|""|""|"YOOX_direct UK"|""|"209707"|"http://www.yoox.com/item.asp?cod10=44496568&tp=31059"|"color:Green - Light green;largeimage:http://cdn.yoox.biz/44/44496568QX_14_F.JPG;mediumimage:http://cdn.yoox.biz/44/44496568QX_12_F.JPG;sex:WOMEN"
"ACROBATS OF GOD - FOOTWEAR - High-heeled sandals"|"http://pdt.tradedoubler.com/click?a(2332345)p(209707)prod(1221310181)ttid(5)url(http%3A%2F%2Fwww.yoox.com%2Fitem.asp%3Fcod10%3D44497027%26tp%3D31059)"|"http://cdn.yoox.biz/44/44497027_2.JPG"|"Jacquard Multicolour Pattern Slip on Narrow toeline No appliqu&#233;s Leather sole Wooden heel Jacquard No No platform not made of fur Sandals  Textile fibres"|"79.00"|"GBP"|"1221310181"|"760"|"Women shoes"|"FOOTWEAR_High-heeled sandals_D"|"44497027"|"ACROBATS OF GOD - FOOTWEAR - High-heeled sandals"|""|"170.00"|""|"Now"|"1"|"7.00"|"Standard: Delivery in 4-6 working days"|""|"3,3.5,4,4.5,5,5.5,6,6.5,7"|"ACROBATS OF GOD"|""|""|""|""|"New"|""|""|""|"YOOX_direct UK"|""|"209707"|"http://www.yoox.com/item.asp?cod10=44497027&tp=31059"|"color:Military green;largeimage:http://cdn.yoox.biz/44/44497027OI_14_F.JPG;mediumimage:http://cdn.yoox.biz/44/44497027OI_12_F.JPG;sex:WOMEN"
"ANURA - FOOTWEAR - High-heeled sandals"|"http://pdt.tradedoubler.com/click?a(2332345)p(209707)prod(1229330617)ttid(5)url(http%3A%2F%2Fwww.yoox.com%2Fitem.asp%3Fcod10%3D44501180%26tp%3D31059)"|"http://cdn.yoox.biz/44/44501180_2.JPG"|"Solid colour Buckling ankle strap closure Round toeline Detachable application Leather sole Covered spike heel No No platform not made of fur Sandals  Suede"|"49.00"|"GBP"|"1229330617"|"760"|"Women shoes"|"FOOTWEAR_High-heeled sandals_D"|"44501180"|"ANURA - FOOTWEAR - High-heeled sandals"|""|"123.00"|""|"Now"|"1"|"7.00"|"Standard: Delivery in 4-6 working days"|""|"3,4,5,6,7,8"|"ANURA"|""|""|""|""|"New"|""|""|""|"YOOX_direct UK"|""|"209707"|"http://www.yoox.com/item.asp?cod10=44501180&tp=31059"|"color:Emerald green - Black - Beige;largeimage:http://cdn.yoox.biz/44/44501180EE_14_F.JPG;mediumimage:http://cdn.yoox.biz/44/44501180EE_12_F.JPG;sex:WOMEN"
"PIKOLINOS - FOOTWEAR - High-heeled sandals"|"http://pdt.tradedoubler.com/click?a(2332345)p(209707)prod(1229330901)ttid(5)url(http%3A%2F%2Fwww.yoox.com%2Fitem.asp%3Fcod10%3D44502776%26tp%3D31059)"|"http://cdn.yoox.biz/44/44502776_2.JPG"|"Laser cut Two-tone pattern Side buckle closure Round toeline Stitching Bow detailing Rubber sole Wooden heel No No platform not made of fur Sandals  Soft leather"|"39.00"|"GBP"|"1229330901"|"760"|"Women shoes"|"FOOTWEAR_High-heeled sandals_D"|"44502776"|"PIKOLINOS - FOOTWEAR - High-heeled sandals"|""|"88.00"|""|"Now"|"1"|"7.00"|"Standard: Delivery in 4-6 working days"|""|"4,5,6,7,8"|"PIKOLINOS"|""|""|""|""|"New"|""|""|""|"YOOX_direct UK"|""|"209707"|"http://www.yoox.com/item.asp?cod10=44502776&tp=31059"|"color:Sand - Rust;largeimage:http://cdn.yoox.biz/44/44502776SS_14_F.JPG;mediumimage:http://cdn.yoox.biz/44/44502776SS_12_F.JPG;sex:WOMEN"
"TARGET - FOOTWEAR - High-heeled sandals"|"http://pdt.tradedoubler.com/click?a(2332345)p(209707)prod(1234419113)ttid(5)url(http%3A%2F%2Fwww.yoox.com%2Fitem.asp%3Fcod10%3D44502916%26tp%3D31059)"|"http://cdn.yoox.biz/44/44502916_2.JPG"|"Stained effect Solid colour Side buckle closure Round toeline No appliqu&#233;s Leather sole Square heel No No platform not made of fur Sandals  Calf-skin leather"|"39.00"|"GBP"|"1234419113"|"760"|"Women shoes"|"FOOTWEAR_High-heeled sandals_D"|"44502916"|"TARGET - FOOTWEAR - High-heeled sandals"|""|"109.00"|""|"Now"|"1"|"7.00"|"Standard: Delivery in 4-6 working days"|""|"3,4,5,6,8"|"TARGET"|""|""|""|""|"New"|""|""|""|"YOOX_direct UK"|""|"209707"|"http://www.yoox.com/item.asp?cod10=44502916&tp=31059"|"color:Beige;largeimage:http://cdn.yoox.biz/44/44502916VE_14_F.JPG;mediumimage:http://cdn.yoox.biz/44/44502916VE_12_F.JPG;sex:WOMEN"
"LECL? - FOOTWEAR - High-heeled sandals"|"http://pdt.tradedoubler.com/click?a(2332345)p(209707)prod(1234419217)ttid(5)url(http%3A%2F%2Fwww.yoox.com%2Fitem.asp%3Fcod10%3D44503100%26tp%3D31059)"|"http://cdn.yoox.biz/44/44503100_2.JPG"|"Two-tone pattern Buckle Round toeline Ostrich Print No appliqu&#233;s Leather/rubber sole No heel Large sized No No platform not made of fur Sandals  Soft leather"|"49.00"|"GBP"|"1234419217"|"760"|"Women shoes"|"FOOTWEAR_High-heeled sandals_D"|"44503100"|"LECL? - FOOTWEAR - High-heeled sandals"|""|"137.00"|""|"Now"|"1"|"7.00"|"Standard: Delivery in 4-6 working days"|""|"2,3,4,5,6,7,8"|"LECL?"|""|""|""|""|"New"|""|""|""|"YOOX_direct UK"|""|"209707"|"http://www.yoox.com/item.asp?cod10=44503100&tp=31059"|"color:Blue - Cocoa;largeimage:http://cdn.yoox.biz/44/44503100SB_14_F.JPG;mediumimage:http://cdn.yoox.biz/44/44503100SB_12_F.JPG;sex:WOMEN"
"COCCINELLE - FOOTWEAR - High-heeled sandals"|"http://pdt.tradedoubler.com/click?a(2332345)p(209707)prod(1242396051)ttid(5)url(http%3A%2F%2Fwww.yoox.com%2Fitem.asp%3Fcod10%3D44503203%26tp%3D31059)"|"http://cdn.yoox.biz/44/44503203_2.JPG"|"Two-tone pattern Round toeline No appliqu&#233;s Leather sole Cigarette heel No No platform not made of fur Sandals  Calf-skin leather"|"59.00"|"GBP"|"1242396051"|"760"|"Women shoes"|"FOOTWEAR_High-heeled sandals_D"|"44503203"|"COCCINELLE - FOOTWEAR - High-heeled sandals"|""|"111.00"|""|"Now"|"1"|"7.00"|"Standard: Delivery in 4-6 working days"|""|"4"|"COCCINELLE"|""|""|""|""|"New"|""|""|""|"YOOX_direct UK"|""|"209707"|"http://www.yoox.com/item.asp?cod10=44503203&tp=31059"|"color:Black - Light pink;largeimage:http://cdn.yoox.biz/44/44503203FN_14_F.JPG;mediumimage:http://cdn.yoox.biz/44/44503203FN_12_F.JPG;sex:WOMEN"
"G.J.L. - FOOTWEAR - High-heeled sandals"|"http://pdt.tradedoubler.com/click?a(2332345)p(209707)prod(1242396187)ttid(5)url(http%3A%2F%2Fwww.yoox.com%2Fitem.asp%3Fcod10%3D44505399%26tp%3D31059)"|"http://cdn.yoox.biz/44/44505399_2.JPG"|"Solid colour Buckling ankle strap closure Round toeline No appliqu&#233;s Sole in eco-leather Covered cigarette heel No No platform not made of fur Sandals  Soft leather"|"35.00"|"GBP"|"1242396187"|"760"|"Women shoes"|"FOOTWEAR_High-heeled sandals_D"|"44505399"|"G.J.L. - FOOTWEAR - High-heeled sandals"|""|"80.00"|""|"Now"|"1"|"7.00"|"Standard: Delivery in 4-6 working days"|""|"2,3,4,5,6,7,8"|"G.J.L."|""|""|""|""|"New"|""|""|""|"YOOX_direct UK"|""|"209707"|"http://www.yoox.com/item.asp?cod10=44505399&tp=31059"|"color:Green - Dove grey - Brick red;largeimage:http://cdn.yoox.biz/44/44505399DL_14_F.JPG;mediumimage:http://cdn.yoox.biz/44/44505399DL_12_F.JPG;sex:WOMEN"
"G.J.L. - FOOTWEAR - High-heeled sandals"|"http://pdt.tradedoubler.com/click?a(2332345)p(209707)prod(1242396203)ttid(5)url(http%3A%2F%2Fwww.yoox.com%2Fitem.asp%3Fcod10%3D44505415%26tp%3D31059)"|"http://cdn.yoox.biz/44/44505415_2.JPG"|"Solid colour Elasticised gores Buckling ankle strap closure Round toeline Flower application Sole in eco-leather Covered cigarette heel No No platform not made of fur Sandals  Soft leather"|"32.00"|"GBP"|"1242396203"|"760"|"Women shoes"|"FOOTWEAR_High-heeled sandals_D"|"44505415"|"G.J.L. - FOOTWEAR - High-heeled sandals"|""|"89.00"|""|"Now"|"1"|"7.00"|"Standard: Delivery in 4-6 working days"|""|"2,3,4,5,6,7,8"|"G.J.L."|""|""|""|""|"New"|""|""|""|"YOOX_direct UK"|""|"209707"|"http://www.yoox.com/item.asp?cod10=44505415&tp=31059"|"color:Black - Military green - Dove grey;largeimage:http://cdn.yoox.biz/44/44505415AN_14_F.JPG;mediumimage:http://cdn.yoox.biz/44/44505415AN_12_F.JPG;sex:WOMEN"
"X SHOES - FOOTWEAR - High-heeled sandals"|"http://pdt.tradedoubler.com/click?a(2332345)p(209707)prod(1242396271)ttid(5)url(http%3A%2F%2Fwww.yoox.com%2Fitem.asp%3Fcod10%3D44505783%26tp%3D31059)"|"http://cdn.yoox.biz/44/44505783_2.JPG"|"Solid colour Rear zip closure Round toeline Stitching Contrasting applications Leather sole Cone heel No No platform not made of fur Sandals  Soft leather"|"49.00"|"GBP"|"1242396271"|"760"|"Women shoes"|"FOOTWEAR_High-heeled sandals_D"|"44505783"|"X SHOES - FOOTWEAR - High-heeled sandals"|""|"92.00"|""|"Now"|"1"|"7.00"|"Standard: Delivery in 4-6 working days"|""|"3,4,5,6,7"|"X SHOES"|""|""|""|""|"New"|""|""|""|"YOOX_direct UK"|""|"209707"|"http://www.yoox.com/item.asp?cod10=44505783&tp=31059"|"color:Black;largeimage:http://cdn.yoox.biz/44/44505783MP_14_F.JPG;mediumimage:http://cdn.yoox.biz/44/44505783MP_12_F.JPG;sex:WOMEN"
"MISSONI - FOOTWEAR - High-heeled sandals"|"http://pdt.tradedoubler.com/click?a(2332345)p(209707)prod(1242396333)ttid(5)url(http%3A%2F%2Fwww.yoox.com%2Fitem.asp%3Fcod10%3D44506988%26tp%3D31059)"|"http://cdn.yoox.biz/44/44506988_2.JPG"|"Lightweight jumper Laminated effect Designer's motif Buckling ankle strap closure Round toeline No appliqu&#233;s Leather sole Covered spike heel Lightweight jumper No No platform not made of fur Sandals  Textile fibres, Soft leather"|"135.00"|"GBP"|"1242396333"|"760"|"Women shoes"|"FOOTWEAR_High-heeled sandals_D"|"44506988"|"MISSONI - FOOTWEAR - High-heeled sandals"|""|"335.00"|""|"Now"|"1"|"7.00"|"Standard: Delivery in 4-6 working days"|""|"3,4,5"|"MISSONI"|""|""|""|""|"New"|""|""|""|"YOOX_direct UK"|""|"209707"|"http://www.yoox.com/item.asp?cod10=44506988&tp=31059"|"color:Sand;largeimage:http://cdn.yoox.biz/44/44506988SQ_14_F.JPG;mediumimage:http://cdn.yoox.biz/44/44506988SQ_12_F.JPG;sex:WOMEN"
"LOOKY - FOOTWEAR - High-heeled sandals"|"http://pdt.tradedoubler.com/click?a(2332345)p(209707)prod(1245754163)ttid(5)url(http%3A%2F%2Fwww.yoox.com%2Fitem.asp%3Fcod10%3D44503052%26tp%3D31059)"|"http://cdn.yoox.biz/44/44503052_2.JPG"|"Solid colour Square toeline Stitching No appliqu&#233;s Leather sole Wooden heel No Platform not made of fur Sandals  Soft leather"|"49.00"|"GBP"|"1245754163"|"760"|"Women shoes"|"FOOTWEAR_High-heeled sandals_D"|"44503052"|"LOOKY - FOOTWEAR - High-heeled sandals"|""|"130.00"|""|"Now"|"1"|"7.00"|"Standard: Delivery in 4-6 working days"|""|"3,4,5,6"|"LOOKY"|""|""|""|""|"New"|""|""|""|"YOOX_direct UK"|""|"209707"|"http://www.yoox.com/item.asp?cod10=44503052&tp=31059"|"color:Tan - Camel;largeimage:http://cdn.yoox.biz/44/44503052FJ_14_F.JPG;mediumimage:http://cdn.yoox.biz/44/44503052FJ_12_F.JPG;sex:WOMEN"
"DANIELLE - FOOTWEAR - High-heeled sandals"|"http://pdt.tradedoubler.com/click?a(2332345)p(209707)prod(1245754503)ttid(5)url(http%3A%2F%2Fwww.yoox.com%2Fitem.asp%3Fcod10%3D44506971%26tp%3D31059)"|"http://cdn.yoox.biz/44/44506971_2.JPG"|"Solid colour Round toeline No appliqu&#233;s Leather sole Square heel No No platform not made of fur Sandals  Soft leather"|"45.00"|"GBP"|"1245754503"|"760"|"Women shoes"|"FOOTWEAR_High-heeled sandals_D"|"44506971"|"DANIELLE - FOOTWEAR - High-heeled sandals"|""|"116.00"|""|"Now"|"1"|"7.00"|"Standard: Delivery in 4-6 working days"|""|"3,4,5,6,7"|"DANIELLE"|""|""|""|""|"New"|""|""|""|"YOOX_direct UK"|""|"209707"|"http://www.yoox.com/item.asp?cod10=44506971&tp=31059"|"color:Ochre - Tan;largeimage:http://cdn.yoox.biz/44/44506971GF_14_F.JPG;mediumimage:http://cdn.yoox.biz/44/44506971GF_12_F.JPG;sex:WOMEN"
"ILENIA P. - FOOTWEAR - High-heeled sandals"|"http://pdt.tradedoubler.com/click?a(2332345)p(209707)prod(1260049821)ttid(5)url(http%3A%2F%2Fwww.yoox.com%2Fitem.asp%3Fcod10%3D44511867%26tp%3D31059)"|"http://cdn.yoox.biz/44/44511867_2.JPG"|"Solid colour Side buckle closure Round toeline Contrasting applications Leather sole Cigarette heel No No platform not made of fur Sandals  Soft leather"|"32.00"|"GBP"|"1260049821"|"760"|"Women shoes"|"FOOTWEAR_High-heeled sandals_D"|"44511867"|"ILENIA P. - FOOTWEAR - High-heeled sandals"|""|"106.00"|""|"Now"|"1"|"7.00"|"Standard: Delivery in 4-6 working days"|""|"3,4,5,6,7,8"|"ILENIA P."|""|""|""|""|"New"|""|""|""|"YOOX_direct UK"|""|"209707"|"http://www.yoox.com/item.asp?cod10=44511867&tp=31059"|"color:Red - Black;largeimage:http://cdn.yoox.biz/44/44511867BJ_14_F.JPG;mediumimage:http://cdn.yoox.biz/44/44511867BJ_12_F.JPG;sex:WOMEN"
"GUESS - FOOTWEAR - High-heeled sandals"|"http://pdt.tradedoubler.com/click?a(2332345)p(209707)prod(1303632225)ttid(5)url(http%3A%2F%2Fwww.yoox.com%2Fitem.asp%3Fcod10%3D44517477%26tp%3D31059)"|"http://cdn.yoox.biz/44/44517477_2.JPG"|"Varnished effect Solid colour Side buckle closure Round toeline Stitching No appliqu&#233;s Sole in eco-leather Covered spike heel No No platform not made of fur Sandals  Soft leather"|"120.00"|"GBP"|"1303632225"|"760"|"Women shoes"|"FOOTWEAR_High-heeled sandals_D"|"44517477"|"GUESS - FOOTWEAR - High-heeled sandals"|""|""|""|"Now"|"1"|"7.00"|"Standard: Delivery in 4-6 working days"|""|"2,3,4,5,6,7,8"|"GUESS"|""|""|""|""|"New"|""|""|""|"YOOX_direct UK"|""|"209707"|"http://www.yoox.com/item.asp?cod10=44517477&tp=31059"|"color:Black;largeimage:http://cdn.yoox.biz/44/44517477HX_14_F.JPG;mediumimage:http://cdn.yoox.biz/44/44517477HX_12_F.JPG;sex:WOMEN"
"VANESSA BRUNO - FOOTWEAR - High-heeled sandals"|"http://pdt.tradedoubler.com/click?a(2332345)p(209707)prod(1304696701)ttid(5)url(http%3A%2F%2Fwww.yoox.com%2Fitem.asp%3Fcod10%3D44502833%26tp%3D31059)"|"http://cdn.yoox.biz/44/44502833_2.JPG"|"Two-tone pattern Side buckle closure Round toeline Metal Applications Leather sole Square heel No No platform not made of fur Sandals  Soft leather"|"55.00"|"GBP"|"1304696701"|"760"|"Women shoes"|"FOOTWEAR_High-heeled sandals_D"|"44502833"|"VANESSA BRUNO - FOOTWEAR - High-heeled sandals"|""|"289.00"|""|"Now"|"1"|"7.00"|"Standard: Delivery in 4-6 working days"|""|"3,4,6,7"|"VANESSA BRUNO"|""|""|""|""|"New"|""|""|""|"YOOX_direct UK"|""|"209707"|"http://www.yoox.com/item.asp?cod10=44502833&tp=31059"|"color:Silver;largeimage:http://cdn.yoox.biz/44/44502833QL_14_F.JPG;mediumimage:http://cdn.yoox.biz/44/44502833QL_12_F.JPG;sex:WOMEN"
"ASH - FOOTWEAR - High-heeled sandals"|"http://pdt.tradedoubler.com/click?a(2332345)p(209707)prod(1322025853)ttid(5)url(http%3A%2F%2Fwww.yoox.com%2Fitem.asp%3Fcod10%3D44537326%26tp%3D31059)"|"http://cdn.yoox.biz/44/44537326_2.JPG"|"Solid colour Side buckle closure Round toeline No appliqu&#233;s Rubber sole Covered cigarette heel No No platform not made of fur Sandals  Soft leather"|"84.00"|"GBP"|"1322025853"|"760"|"Women shoes"|"FOOTWEAR_High-heeled sandals_D"|"44537326"|"ASH - FOOTWEAR - High-heeled sandals"|""|""|""|"Now"|"1"|"7.00"|"Standard: Delivery in 4-6 working days"|""|"4,5,6,8"|"ASH"|""|""|""|""|"New"|""|""|""|"YOOX_direct UK"|""|"209707"|"http://www.yoox.com/item.asp?cod10=44537326&tp=31059"|"color:Khaki - Tan;largeimage:http://cdn.yoox.biz/44/44537326XQ_14_F.JPG;mediumimage:http://cdn.yoox.biz/44/44537326XQ_12_F.JPG;sex:WOMEN"
"CAMPER - FOOTWEAR - High-heeled sandals"|"http://pdt.tradedoubler.com/click?a(2332345)p(209707)prod(1356172597)ttid(5)url(http%3A%2F%2Fwww.yoox.com%2Fitem.asp%3Fcod10%3D44535106%26tp%3D31059)"|"http://cdn.yoox.biz/44/44535106_2.JPG"|"Textured leather Sueded Two-tone pattern Round toeline Bow detailing Buckling ankle strap closure Square heel Textured leather No No platform not made of fur Sandals  Soft leather"|"49.00"|"GBP"|"1356172597"|"760"|"Women shoes"|"FOOTWEAR_High-heeled sandals_D"|"44535106"|"CAMPER - FOOTWEAR - High-heeled sandals"|""|"75.00"|""|"Now"|"1"|"7.00"|"Standard: Delivery in 4-6 working days"|""|"3,4,6,7,8"|"CAMPER"|""|""|""|""|"New"|""|""|""|"YOOX_direct UK"|""|"209707"|"http://www.yoox.com/item.asp?cod10=44535106&tp=31059"|"color:Red;largeimage:http://cdn.yoox.biz/44/44535106NF_14_F.JPG;mediumimage:http://cdn.yoox.biz/44/44535106NF_12_F.JPG;sex:WOMEN"
"ANNARITA N. - FOOTWEAR - High-heeled sandals"|"http://pdt.tradedoubler.com/click?a(2332345)p(209707)prod(1365818663)ttid(5)url(http%3A%2F%2Fwww.yoox.com%2Fitem.asp%3Fcod10%3D44538521%26tp%3D31059)"|"http://cdn.yoox.biz/44/44538521_2.JPG"|"Varnished effect Sueded Solid colour Buckling ankle strap closure Round toeline Logo detail Leather sole Covered stiletto No No platform not made of fur Sandals  Soft leather"|"125.00"|"GBP"|"1365818663"|"760"|"Women shoes"|"FOOTWEAR_High-heeled sandals_D"|"44538521"|"ANNARITA N. - FOOTWEAR - High-heeled sandals"|""|""|""|"Now"|"1"|"7.00"|"Standard: Delivery in 4-6 working days"|""|"2,3,4,6,7"|"ANNARITA N."|""|""|""|""|"New"|""|""|""|"YOOX_direct UK"|""|"209707"|"http://www.yoox.com/item.asp?cod10=44538521&tp=31059"|"color:Red;largeimage:http://cdn.yoox.biz/44/44538521ID_14_F.JPG;mediumimage:http://cdn.yoox.biz/44/44538521ID_12_F.JPG;sex:WOMEN"
"VICINI - FOOTWEAR - High-heeled sandals"|"http://pdt.tradedoubler.com/click?a(2332345)p(209707)prod(1370633849)ttid(5)url(http%3A%2F%2Fwww.yoox.com%2Fitem.asp%3Fcod10%3D44540390%26tp%3D31059)"|"http://cdn.yoox.biz/44/44540390_2.JPG"|"Solid colour Side buckle closure Round toeline Metal Applications Logo detail Leather sole Spike heel No No platform not made of fur Sandals  Soft leather"|"210.00"|"GBP"|"1370633849"|"760"|"Women shoes"|"FOOTWEAR_High-heeled sandals_D"|"44540390"|"VICINI - FOOTWEAR - High-heeled sandals"|""|""|""|"Now"|"1"|"7.00"|"Standard: Delivery in 4-6 working days"|""|"3,3.5,4,4.5,5"|"VICINI"|""|""|""|""|"New"|""|""|""|"YOOX_direct UK"|""|"209707"|"http://www.yoox.com/item.asp?cod10=44540390&tp=31059"|"color:Sand;largeimage:http://cdn.yoox.biz/44/44540390LX_14_F.JPG;mediumimage:http://cdn.yoox.biz/44/44540390LX_12_F.JPG;sex:WOMEN"
"MELISSA + JEAN PAUL GAULTIER - FOOTWEAR - High-heeled sandals"|"http://pdt.tradedoubler.com/click?a(2332345)p(209707)prod(1370635445)ttid(5)url(http%3A%2F%2Fwww.yoox.com%2Fitem.asp%3Fcod10%3D44547090%26tp%3D31059)"|"http://cdn.yoox.biz/44/44547090_2.JPG"|"Solid colour Side buckle closure Round toeline No appliqu&#233;s Rubber sole Spike heel No Platform not made of fur Sandals  Rubber"|"105.00"|"GBP"|"1370635445"|"760"|"Women shoes"|"FOOTWEAR_High-heeled sandals_D"|"44547090"|"MELISSA + JEAN PAUL GAULTIER - FOOTWEAR - High-heeled sandals"|""|""|""|"Now"|"1"|"7.00"|"Standard: Delivery in 4-6 working days"|""|"4.5,5,6,6.5,7"|"MELISSA + JEAN PAUL GAULTIER"|""|""|""|""|"New"|""|""|""|"YOOX_direct UK"|""|"209707"|"http://www.yoox.com/item.asp?cod10=44547090&tp=31059"|"color:Green - Orange;largeimage:http://cdn.yoox.biz/44/44547090LO_14_F.JPG;mediumimage:http://cdn.yoox.biz/44/44547090LO_12_F.JPG;sex:WOMEN"
"DSQUARED2 - FOOTWEAR - High-heeled sandals"|"http://pdt.tradedoubler.com/click?a(2332345)p(209707)prod(1379710375)ttid(5)url(http%3A%2F%2Fwww.yoox.com%2Fitem.asp%3Fcod10%3D44528479%26tp%3D31059)"|"http://cdn.yoox.biz/44/44528479_2.JPG"|"Snakeskin print Solid colour Side buckle closure Round toeline Metal Applications Leather sole Covered spike heel No No platform not made of fur Sandals  Soft leather"|"256.00"|"GBP"|"1379710375"|"760"|"Women shoes"|"FOOTWEAR_High-heeled sandals_D"|"44528479"|"DSQUARED2 - FOOTWEAR - High-heeled sandals"|""|""|""|"Now"|"1"|"7.00"|"Standard: Delivery in 4-6 working days"|""|"3,4,5,6,7"|"DSQUARED2"|""|""|""|""|"New"|""|""|""|"YOOX_direct UK"|""|"209707"|"http://www.yoox.com/item.asp?cod10=44528479&tp=31059"|"color:Camel;largeimage:http://cdn.yoox.biz/44/44528479KO_14_F.JPG;mediumimage:http://cdn.yoox.biz/44/44528479KO_12_F.JPG;sex:WOMEN"
"MARC BY MARC JACOBS - FOOTWEAR - High-heeled sandals"|"http://pdt.tradedoubler.com/click?a(2332345)p(209707)prod(1386800403)ttid(5)url(http%3A%2F%2Fwww.yoox.com%2Fitem.asp%3Fcod10%3D44536101%26tp%3D31059)"|"http://cdn.yoox.biz/44/44536101_2.JPG"|"Solid colour Round toeline Buckle Contrasting applications Leather sole Square heel No No platform not made of fur Sandals  Soft leather, Ponyskin"|"170.00"|"GBP"|"1386800403"|"760"|"Women shoes"|"FOOTWEAR_High-heeled sandals_D"|"44536101"|"MARC BY MARC JACOBS - FOOTWEAR - High-heeled sandals"|""|""|""|"Now"|"1"|"7.00"|"Standard: Delivery in 4-6 working days"|""|"3,4,4.5,5,6"|"MARC BY MARC JACOBS"|""|""|""|""|"New"|""|""|""|"YOOX_direct UK"|""|"209707"|"http://www.yoox.com/item.asp?cod10=44536101&tp=31059"|"color:Khaki;largeimage:http://cdn.yoox.biz/44/44536101EV_14_F.JPG;mediumimage:http://cdn.yoox.biz/44/44536101EV_12_F.JPG;sex:WOMEN"
"MICHAEL MICHAEL KORS - FOOTWEAR - High-heeled sandals"|"http://pdt.tradedoubler.com/click?a(2332345)p(209707)prod(1386800805)ttid(5)url(http%3A%2F%2Fwww.yoox.com%2Fitem.asp%3Fcod10%3D44544604%26tp%3D31059)"|"http://cdn.yoox.biz/44/44544604_2.JPG"|"Snakeskin print Multicolour Pattern Rear zip closure Round toeline Strap No appliqu&#233;s Sole in eco-leather Covered spike heel No No platform not made of fur Sandals  Soft leather"|"90.00"|"GBP"|"1386800805"|"760"|"Women shoes"|"FOOTWEAR_High-heeled sandals_D"|"44544604"|"MICHAEL MICHAEL KORS - FOOTWEAR - High-heeled sandals"|""|""|""|"Now"|"1"|"7.00"|"Standard: Delivery in 4-6 working days"|""|"3,3.5,4,4.5,5,6.5,7"|"MICHAEL MICHAEL KORS"|""|""|""|""|"New"|""|""|""|"YOOX_direct UK"|""|"209707"|"http://www.yoox.com/item.asp?cod10=44544604&tp=31059"|"color:Grey;largeimage:http://cdn.yoox.biz/44/44544604HH_14_F.JPG;mediumimage:http://cdn.yoox.biz/44/44544604HH_12_F.JPG;sex:WOMEN"
"MICHAEL MICHAEL KORS - FOOTWEAR - High-heeled sandals"|"http://pdt.tradedoubler.com/click?a(2332345)p(209707)prod(1386800807)ttid(5)url(http%3A%2F%2Fwww.yoox.com%2Fitem.asp%3Fcod10%3D44544611%26tp%3D31059)"|"http://cdn.yoox.biz/44/44544611_2.JPG"|"Varnished effect Solid colour Rear zip closure Round toeline Strap Engraved logo Sole in eco-leather Covered spike heel No No platform not made of fur Sandals  Soft leather"|"86.00"|"GBP"|"1386800807"|"760"|"Women shoes"|"FOOTWEAR_High-heeled sandals_D"|"44544611"|"MICHAEL MICHAEL KORS - FOOTWEAR - High-heeled sandals"|""|""|""|"Now"|"1"|"7.00"|"Standard: Delivery in 4-6 working days"|""|"3,3.5,4,4.5,5,5.5,6.5,7"|"MICHAEL MICHAEL KORS"|""|""|""|""|"New"|""|""|""|"YOOX_direct UK"|""|"209707"|"http://www.yoox.com/item.asp?cod10=44544611&tp=31059"|"color:Black;largeimage:http://cdn.yoox.biz/44/44544611SW_14_F.JPG;mediumimage:http://cdn.yoox.biz/44/44544611SW_12_F.JPG;sex:WOMEN"
"ZORAIDE - FOOTWEAR - High-heeled sandals"|"http://pdt.tradedoubler.com/click?a(2332345)p(209707)prod(1389107829)ttid(5)url(http%3A%2F%2Fwww.yoox.com%2Fitem.asp%3Fcod10%3D44487501%26tp%3D31059)"|"http://cdn.yoox.biz/44/44487501_2.JPG"|"Laces Perforated detailing Leather sole Covered spike heel Protective shoe bag No No platform not made of fur  Leather"|"149.00"|"GBP"|"1389107829"|"760"|"Women shoes"|"FOOTWEAR_High-heeled sandals_D"|"44487501"|"ZORAIDE - FOOTWEAR - High-heeled sandals"|""|"495.00"|""|"Now"|"1"|"7.00"|"Standard: Delivery in 4-6 working days"|""|"2,3,4,4.5,5,5.5,6,6.5,7"|"ZORAIDE"|""|""|""|""|"New"|""|""|""|"YOOX_direct UK"|""|"209707"|"http://www.yoox.com/item.asp?cod10=44487501&tp=31059"|"color:Black - Ivory;largeimage:http://cdn.yoox.biz/44/44487501YV_14_F.JPG;mediumimage:http://cdn.yoox.biz/44/44487501YV_12_F.JPG;sex:WOMEN"
"MAISON MARTIN MARGIELA 22 - FOOTWEAR - High-heeled sandals"|"http://pdt.tradedoubler.com/click?a(2332345)p(209707)prod(1389108529)ttid(5)url(http%3A%2F%2Fwww.yoox.com%2Fitem.asp%3Fcod10%3D44524106%26tp%3D31059)"|"http://cdn.yoox.biz/44/44524106_2.JPG"|"Round toeline Side buckle closure Solid colour Rubber heel Rubber sole No appliqu&#233;s Stitching Yes No platform not made of fur Sandals  Rubber"|"265.00"|"GBP"|"1389108529"|"760"|"Women shoes"|"FOOTWEAR_High-heeled sandals_D"|"44524106"|"MAISON MARTIN MARGIELA 22 - FOOTWEAR - High-heeled sandals"|""|""|""|"Now"|"1"|"7.00"|"Standard: Delivery in 4-6 working days"|""|"3,4,4.5,5,6,7,8"|"MAISON MARTIN MARGIELA 22"|""|""|""|""|"New"|""|""|""|"YOOX_direct UK"|""|"209707"|"http://www.yoox.com/item.asp?cod10=44524106&tp=31059"|"color:Apricot;largeimage:http://cdn.yoox.biz/44/44524106ST_14_F.JPG;mediumimage:http://cdn.yoox.biz/44/44524106ST_12_F.JPG;sex:WOMEN"
"GIVENCHY - FOOTWEAR - High-heeled sandals"|"http://pdt.tradedoubler.com/click?a(2332345)p(209707)prod(1392501889)ttid(5)url(http%3A%2F%2Fwww.yoox.com%2Fitem.asp%3Fcod10%3D44536614%26tp%3D31059)"|"http://cdn.yoox.biz/44/44536614_2.JPG"|"Varnished effect Solid colour Rear zip closure Elasticised gores Round toeline No appliqu&#233;s Leather sole Covered spike heel No No platform not made of fur Sandals  Soft leather"|"256.00"|"GBP"|"1392501889"|"760"|"Women shoes"|"FOOTWEAR_High-heeled sandals_D"|"44536614"|"GIVENCHY - FOOTWEAR - High-heeled sandals"|""|""|""|"Now"|"1"|"7.00"|"Standard: Delivery in 4-6 working days"|""|"2,3,4,5,6"|"GIVENCHY"|""|""|""|""|"New"|""|""|""|"YOOX_direct UK"|""|"209707"|"http://www.yoox.com/item.asp?cod10=44536614&tp=31059"|"color:Black;largeimage:http://cdn.yoox.biz/44/44536614WD_14_F.JPG;mediumimage:http://cdn.yoox.biz/44/44536614WD_12_F.JPG;sex:WOMEN"
"IXOS - FOOTWEAR - High-heeled sandals"|"http://pdt.tradedoubler.com/click?a(2332345)p(209707)prod(1393801439)ttid(5)url(http%3A%2F%2Fwww.yoox.com%2Fitem.asp%3Fcod10%3D44554388%26tp%3D31059)"|"http://cdn.yoox.biz/44/44554388_2.JPG"|"Solid colour Round toeline No appliqu&#233;s Leather sole Kitten heel No No platform not made of fur Sandals  Soft leather"|"130.00"|"GBP"|"1393801439"|"760"|"Women shoes"|"FOOTWEAR_High-heeled sandals_D"|"44554388"|"IXOS - FOOTWEAR - High-heeled sandals"|""|""|""|"Now"|"1"|"7.00"|"Standard: Delivery in 4-6 working days"|""|"5,5.5,6,7,8"|"IXOS"|""|""|""|""|"New"|""|""|""|"YOOX_direct UK"|""|"209707"|"http://www.yoox.com/item.asp?cod10=44554388&tp=31059"|"color:Slate blue;largeimage:http://cdn.yoox.biz/44/44554388MU_14_F.JPG;mediumimage:http://cdn.yoox.biz/44/44554388MU_12_F.JPG;sex:WOMEN"
"GIUSEPPE ZANOTTI DESIGN - FOOTWEAR - High-heeled sandals"|"http://pdt.tradedoubler.com/click?a(2332345)p(209707)prod(1401386345)ttid(5)url(http%3A%2F%2Fwww.yoox.com%2Fitem.asp%3Fcod10%3D44539208%26tp%3D31059)"|"http://cdn.yoox.biz/44/44539208_2.JPG"|"Varnished effect Solid colour Round toeline Bow detailing Side buckle closure Leather sole Covered spike heel No No platform not made of fur Sandals  Soft leather"|"235.00"|"GBP"|"1401386345"|"760"|"Women shoes"|"FOOTWEAR_High-heeled sandals_D"|"44539208"|"GIUSEPPE ZANOTTI DESIGN - FOOTWEAR - High-heeled sandals"|""|""|""|"Now"|"1"|"7.00"|"Standard: Delivery in 4-6 working days"|""|"3,4,4.5,5,5.5,6,7"|"GIUSEPPE ZANOTTI DESIGN"|""|""|""|""|"New"|""|""|""|"YOOX_direct UK"|""|"209707"|"http://www.yoox.com/item.asp?cod10=44539208&tp=31059"|"color:Black;largeimage:http://cdn.yoox.biz/44/44539208GS_14_F.JPG;mediumimage:http://cdn.yoox.biz/44/44539208GS_12_F.JPG;sex:WOMEN"
"GIUSEPPE ZANOTTI DESIGN - FOOTWEAR - High-heeled sandals"|"http://pdt.tradedoubler.com/click?a(2332345)p(209707)prod(1401386347)ttid(5)url(http%3A%2F%2Fwww.yoox.com%2Fitem.asp%3Fcod10%3D44539211%26tp%3D31059)"|"http://cdn.yoox.biz/44/44539211_2.JPG"|"Varnished effect Solid colour Side buckle closure Round toeline No appliqu&#233;s Leather sole Covered spike heel No No platform not made of fur Sandals  Soft leather"|"230.00"|"GBP"|"1401386347"|"760"|"Women shoes"|"FOOTWEAR_High-heeled sandals_D"|"44539211"|"GIUSEPPE ZANOTTI DESIGN - FOOTWEAR - High-heeled sandals"|""|""|""|"Now"|"1"|"7.00"|"Standard: Delivery in 4-6 working days"|""|"3,4,4.5,5,5.5,6,7,8"|"GIUSEPPE ZANOTTI DESIGN"|""|""|""|""|"New"|""|""|""|"YOOX_direct UK"|""|"209707"|"http://www.yoox.com/item.asp?cod10=44539211&tp=31059"|"color:Black;largeimage:http://cdn.yoox.biz/44/44539211RT_14_F.JPG;mediumimage:http://cdn.yoox.biz/44/44539211RT_12_F.JPG;sex:WOMEN"
"GIANVITO ROSSI - FOOTWEAR - High-heeled sandals"|"http://pdt.tradedoubler.com/click?a(2332345)p(209707)prod(1401386539)ttid(5)url(http%3A%2F%2Fwww.yoox.com%2Fitem.asp%3Fcod10%3D44540990%26tp%3D31059)"|"http://cdn.yoox.biz/44/44540990_2.JPG"|"Jacquard Two-tone pattern Side buckle closure Round toeline No appliqu&#233;s Leather sole Covered stiletto Jacquard No No platform not made of fur Sandals  Textile fibres"|"205.00"|"GBP"|"1401386539"|"760"|"Women shoes"|"FOOTWEAR_High-heeled sandals_D"|"44540990"|"GIANVITO ROSSI - FOOTWEAR - High-heeled sandals"|""|""|""|"Now"|"1"|"7.00"|"Standard: Delivery in 4-6 working days"|""|"1,2,3,3.5,4.5,5,5.5,6,6.5,7,8"|"GIANVITO ROSSI"|""|""|""|""|"New"|""|""|""|"YOOX_direct UK"|""|"209707"|"http://www.yoox.com/item.asp?cod10=44540990&tp=31059"|"color:Black;largeimage:http://cdn.yoox.biz/44/44540990OJ_14_F.JPG;mediumimage:http://cdn.yoox.biz/44/44540990OJ_12_F.JPG;sex:WOMEN"
"MAISON MARTIN MARGIELA 22 - FOOTWEAR - High-heeled sandals"|"http://pdt.tradedoubler.com/click?a(2332345)p(209707)prod(1418905975)ttid(5)url(http%3A%2F%2Fwww.yoox.com%2Fitem.asp%3Fcod10%3D44539876%26tp%3D31059)"|"http://cdn.yoox.biz/44/44539876_2.JPG"|"Solid colour Side buckle closure Round toeline No appliqu&#233;s Leather sole Cone heel No No platform not made of fur Sandals  Ponyskin"|"295.00"|"GBP"|"1418905975"|"760"|"Women shoes"|"FOOTWEAR_High-heeled sandals_D"|"44539876"|"MAISON MARTIN MARGIELA 22 - FOOTWEAR - High-heeled sandals"|""|""|""|"Now"|"1"|"7.00"|"Standard: Delivery in 4-6 working days"|""|"2,3,4,5,6,7"|"MAISON MARTIN MARGIELA 22"|""|""|""|""|"New"|""|""|""|"YOOX_direct UK"|""|"209707"|"http://www.yoox.com/item.asp?cod10=44539876&tp=31059"|"color:Beige;largeimage:http://cdn.yoox.biz/44/44539876ET_14_F.JPG;mediumimage:http://cdn.yoox.biz/44/44539876ET_12_F.JPG;sex:WOMEN"
"PANTANETTI - FOOTWEAR - High-heeled sandals"|"http://pdt.tradedoubler.com/click?a(2332345)p(209707)prod(1426234347)ttid(5)url(http%3A%2F%2Fwww.yoox.com%2Fitem.asp%3Fcod10%3D44566613%26tp%3D31059)"|"http://cdn.yoox.biz/44/44566613_2.JPG"|"Laser cut Solid colour Buckling ankle strap closure Round toeline No appliqu&#233;s Leather sole Wooden heel No No platform not made of fur Sandals  Soft leather"|"115.00"|"GBP"|"1426234347"|"760"|"Women shoes"|"FOOTWEAR_High-heeled sandals_D"|"44566613"|"PANTANETTI - FOOTWEAR - High-heeled sandals"|""|""|""|"Now"|"1"|"7.00"|"Standard: Delivery in 4-6 working days"|""|"3,4,5,6,7,8"|"PANTANETTI"|""|""|""|""|"New"|""|""|""|"YOOX_direct UK"|""|"209707"|"http://www.yoox.com/item.asp?cod10=44566613&tp=31059"|"color:Grey;largeimage:http://cdn.yoox.biz/44/44566613CR_14_F.JPG;mediumimage:http://cdn.yoox.biz/44/44566613CR_12_F.JPG;sex:WOMEN"
"PANTANETTI - FOOTWEAR - High-heeled sandals"|"http://pdt.tradedoubler.com/click?a(2332345)p(209707)prod(1446936179)ttid(5)url(http%3A%2F%2Fwww.yoox.com%2Fitem.asp%3Fcod10%3D44566662%26tp%3D31059)"|"http://cdn.yoox.biz/44/44566662_2.JPG"|"Nabuk Solid colour Buckling ankle strap closure Round toeline No appliqu&#233;s Leather sole Wooden heel Nabuk No No platform not made of fur Sandals  Soft leather"|"120.00"|"GBP"|"1446936179"|"760"|"Women shoes"|"FOOTWEAR_High-heeled sandals_D"|"44566662"|"PANTANETTI - FOOTWEAR - High-heeled sandals"|""|""|""|"Now"|"1"|"7.00"|"Standard: Delivery in 4-6 working days"|""|"4.5,5,5.5,6,7,8"|"PANTANETTI"|""|""|""|""|"New"|""|""|""|"YOOX_direct UK"|""|"209707"|"http://www.yoox.com/item.asp?cod10=44566662&tp=31059"|"color:Grey;largeimage:http://cdn.yoox.biz/44/44566662NQ_14_F.JPG;mediumimage:http://cdn.yoox.biz/44/44566662NQ_12_F.JPG;sex:WOMEN"
"MICHAEL KORS - FOOTWEAR - High-heeled sandals"|"http://pdt.tradedoubler.com/click?a(2332345)p(209707)prod(1446936455)ttid(5)url(http%3A%2F%2Fwww.yoox.com%2Fitem.asp%3Fcod10%3D44569476%26tp%3D31059)"|"http://cdn.yoox.biz/44/44569476_2.JPG"|"Solid colour Side buckle closure Round toeline No appliqu&#233;s Leather sole Stiletto heel No No platform not made of fur Sandals  Calf-skin leather"|"360.00"|"GBP"|"1446936455"|"760"|"Women shoes"|"FOOTWEAR_High-heeled sandals_D"|"44569476"|"MICHAEL KORS - FOOTWEAR - High-heeled sandals"|""|""|""|"Now"|"1"|"7.00"|"Standard: Delivery in 4-6 working days"|""|"3,4.5,5,5.5,6,6.5,7,8"|"MICHAEL KORS"|""|""|""|""|"New"|""|""|""|"YOOX_direct UK"|""|"209707"|"http://www.yoox.com/item.asp?cod10=44569476&tp=31059"|"color:Rust - Black;largeimage:http://cdn.yoox.biz/44/44569476FJ_14_F.JPG;mediumimage:http://cdn.yoox.biz/44/44569476FJ_12_F.JPG;sex:WOMEN"
"KENZO - FOOTWEAR - High-heeled sandals"|"http://pdt.tradedoubler.com/click?a(2332345)p(209707)prod(1471506749)ttid(5)url(http%3A%2F%2Fwww.yoox.com%2Fitem.asp%3Fcod10%3D44548716%26tp%3D31059)"|"http://cdn.yoox.biz/44/44548716_2.JPG"|"Sueded Multicolour Pattern Elasticised gores Round toeline No appliqu&#233;s Leather sole Square heel No No platform not made of fur Sandals  Soft leather"|"200.00"|"GBP"|"1471506749"|"760"|"Women shoes"|"FOOTWEAR_High-heeled sandals_D"|"44548716"|"KENZO - FOOTWEAR - High-heeled sandals"|""|""|""|"Now"|"1"|"7.00"|"Standard: Delivery in 4-6 working days"|""|"2,3,4,5,6"|"KENZO"|""|""|""|""|"New"|""|""|""|"YOOX_direct UK"|""|"209707"|"http://www.yoox.com/item.asp?cod10=44548716&tp=31059"|"color:Dark green - Dark purple;largeimage:http://cdn.yoox.biz/44/44548716RH_14_F.JPG;mediumimage:http://cdn.yoox.biz/44/44548716RH_12_F.JPG;sex:WOMEN"
"CHARLES JOURDAN - FOOTWEAR - High-heeled sandals"|"http://pdt.tradedoubler.com/click?a(2332345)p(209707)prod(1480652115)ttid(5)url(http%3A%2F%2Fwww.yoox.com%2Fitem.asp%3Fcod10%3D44500585%26tp%3D31059)"|"http://cdn.yoox.biz/44/44500585_2.JPG"|"Sueded Solid colour Buckling ankle strap closure Round toeline Cut-out detailing Rhinestone detailing Leather sole Covered spike heel No No platform not made of fur Sandals  Soft leather"|"79.00"|"GBP"|"1480652115"|"760"|"Women shoes"|"FOOTWEAR_High-heeled sandals_D"|"44500585"|"CHARLES JOURDAN - FOOTWEAR - High-heeled sandals"|""|"170.00"|""|"Now"|"1"|"7.00"|"Standard: Delivery in 4-6 working days"|""|"3,4.5,5,5.5,6.5,7"|"CHARLES JOURDAN"|""|""|""|""|"New"|""|""|""|"YOOX_direct UK"|""|"209707"|"http://www.yoox.com/item.asp?cod10=44500585&tp=31059"|"color:Black - Beige;largeimage:http://cdn.yoox.biz/44/44500585NP_14_F.JPG;mediumimage:http://cdn.yoox.biz/44/44500585NP_12_F.JPG;sex:WOMEN"
"ALBERTO FERMANI - FOOTWEAR - High-heeled sandals"|"http://pdt.tradedoubler.com/click?a(2332345)p(209707)prod(1492372295)ttid(5)url(http%3A%2F%2Fwww.yoox.com%2Fitem.asp%3Fcod10%3D44499843%26tp%3D31059)"|"http://cdn.yoox.biz/44/44499843_2.JPG"|"Solid colour Side buckle closure Round toeline Perforated detailing Stitching No appliqu&#233;s Leather sole Covered cone heel No No platform not made of fur Sandals  Soft leather"|"49.00"|"GBP"|"1492372295"|"760"|"Women shoes"|"FOOTWEAR_High-heeled sandals_D"|"44499843"|"ALBERTO FERMANI - FOOTWEAR - High-heeled sandals"|""|"97.00"|""|"Now"|"1"|"7.00"|"Standard: Delivery in 4-6 working days"|""|"3,4,6,7"|"ALBERTO FERMANI"|""|""|""|""|"New"|""|""|""|"YOOX_direct UK"|""|"209707"|"http://www.yoox.com/item.asp?cod10=44499843&tp=31059"|"color:Dove grey;largeimage:http://cdn.yoox.biz/44/44499843KM_14_F.JPG;mediumimage:http://cdn.yoox.biz/44/44499843KM_12_F.JPG;sex:WOMEN"
"APEPAZZA - FOOTWEAR - Ballet flats"|"http://pdt.tradedoubler.com/click?a(2332345)p(209707)prod(969739585)ttid(5)url(http%3A%2F%2Fwww.yoox.com%2Fitem.asp%3Fcod10%3D44393390%26tp%3D31059)"|"http://cdn.yoox.biz/44/44393390_2.JPG"|"Sueded Elasticised gores Round toeline Beaded detailing Leather sole No No  Soft leather"|"45.00"|"GBP"|"969739585"|"760"|"Women shoes"|"FOOTWEAR_Ballet flats_D"|"44393390"|"APEPAZZA - FOOTWEAR - Ballet flats"|""|"84.00"|""|"Now"|"1"|"7.00"|"Standard: Delivery in 4-6 working days"|""|"3,4,5,6"|"APEPAZZA"|""|""|""|""|"New"|""|""|""|"YOOX_direct UK"|""|"209707"|"http://www.yoox.com/item.asp?cod10=44393390&tp=31059"|"color:Sky blue - Black - Red - Green - Beige - Khaki;largeimage:http://cdn.yoox.biz/44/44393390AE_14_F.JPG;mediumimage:http://cdn.yoox.biz/44/44393390AE_12_F.JPG;sex:WOMEN"
"CALVIN KLEIN COLLECTION - FOOTWEAR - Ballet flats"|"http://pdt.tradedoubler.com/click?a(2332345)p(209707)prod(1138547713)ttid(5)url(http%3A%2F%2Fwww.yoox.com%2Fitem.asp%3Fcod10%3D44452558%26tp%3D31059)"|"http://cdn.yoox.biz/44/44452558_2.JPG"|"Solid colour Round toeline No appliqu&#233;s No heel Leather sole No No Non contiene Pelliccia Ballet flats  Skate fish skin"|"85.00"|"GBP"|"1138547713"|"760"|"Women shoes"|"FOOTWEAR_Ballet flats_D"|"44452558"|"CALVIN KLEIN COLLECTION - FOOTWEAR - Ballet flats"|""|"185.00"|""|"Now"|"1"|"7.00"|"Standard: Delivery in 4-6 working days"|""|"3,4,5,6,7,8"|"CALVIN KLEIN COLLECTION"|""|""|""|""|"New"|""|""|""|"YOOX_direct UK"|""|"209707"|"http://www.yoox.com/item.asp?cod10=44452558&tp=31059"|"color:Deep purple - Black - Orange - Yellow;largeimage:http://cdn.yoox.biz/44/44452558BM_14_F.JPG;mediumimage:http://cdn.yoox.biz/44/44452558BM_12_F.JPG;sex:WOMEN"
"REPLAY - FOOTWEAR - Ballet flats"|"http://pdt.tradedoubler.com/click?a(2332345)p(209707)prod(1162982455)ttid(5)url(http%3A%2F%2Fwww.yoox.com%2Fitem.asp%3Fcod10%3D44479618%26tp%3D31059)"|"http://cdn.yoox.biz/44/44479618_2.JPG"|"Plain weave Varnished effect Two-tone pattern Round toeline Embroidered logo Rubber sole No heel Plain weave No No platform not made of fur Ballet flats  Faux leather, Textile fibres"|"32.00"|"GBP"|"1162982455"|"760"|"Women shoes"|"FOOTWEAR_Ballet flats_D"|"44479618"|"REPLAY - FOOTWEAR - Ballet flats"|""|"46.00"|""|"Now"|"1"|"7.00"|"Standard: Delivery in 4-6 working days"|""|"2,3,4,5,7"|"REPLAY"|""|""|""|""|"New"|""|""|""|"YOOX_direct UK"|""|"209707"|"http://www.yoox.com/item.asp?cod10=44479618&tp=31059"|"color:Turquoise - Dove grey - Light grey;largeimage:http://cdn.yoox.biz/44/44479618SJ_14_F.JPG;mediumimage:http://cdn.yoox.biz/44/44479618SJ_12_F.JPG;sex:WOMEN"
"REPLAY - FOOTWEAR - Ballet flats"|"http://pdt.tradedoubler.com/click?a(2332345)p(209707)prod(1162982529)ttid(5)url(http%3A%2F%2Fwww.yoox.com%2Fitem.asp%3Fcod10%3D44479673%26tp%3D31059)"|"http://cdn.yoox.biz/44/44479673_2.JPG"|"Satin Varnished effect Solid colour Round toeline Bow detailing Embroidered logo Rubber cleated sole No heel Satin No No platform not made of fur Ballet flats  Faux leather, Textile fibres"|"29.00"|"GBP"|"1162982529"|"760"|"Women shoes"|"FOOTWEAR_Ballet flats_D"|"44479673"|"REPLAY - FOOTWEAR - Ballet flats"|""|"46.00"|""|"Now"|"1"|"7.00"|"Standard: Delivery in 4-6 working days"|""|"3,4,5"|"REPLAY"|""|""|""|""|"New"|""|""|""|"YOOX_direct UK"|""|"209707"|"http://www.yoox.com/item.asp?cod10=44479673&tp=31059"|"color:White;largeimage:http://cdn.yoox.biz/44/44479673QR_14_F.JPG;mediumimage:http://cdn.yoox.biz/44/44479673QR_12_F.JPG;sex:WOMEN"
"CAFE'NOIR - FOOTWEAR - Ballet flats"|"http://pdt.tradedoubler.com/click?a(2332345)p(209707)prod(1182530653)ttid(5)url(http%3A%2F%2Fwww.yoox.com%2Fitem.asp%3Fcod10%3D44454730%26tp%3D31059)"|"http://cdn.yoox.biz/44/44454730_2.JPG"|"Satin Grosgrain Polka dots Round toeline Flower application Rubber sole Flat heel Satin Grosgrain No No platform not made of fur Ballet flats  Textile fibres"|"25.00"|"GBP"|"1182530653"|"760"|"Women shoes"|"FOOTWEAR_Ballet flats_D"|"44454730"|"CAFE'NOIR - FOOTWEAR - Ballet flats"|""|"39.00"|""|"Now"|"1"|"7.00"|"Standard: Delivery in 4-6 working days"|""|"3,4,5,6,7"|"CAFE'NOIR"|""|""|""|""|"New"|""|""|""|"YOOX_direct UK"|""|"209707"|"http://www.yoox.com/item.asp?cod10=44454730&tp=31059"|"color:Black - White;largeimage:http://cdn.yoox.biz/44/44454730VV_14_F.JPG;mediumimage:http://cdn.yoox.biz/44/44454730VV_12_F.JPG;sex:WOMEN"
"PAUL FRANK - FOOTWEAR - Ballet flats"|"http://pdt.tradedoubler.com/click?a(2332345)p(209707)prod(1182532283)ttid(5)url(http%3A%2F%2Fwww.yoox.com%2Fitem.asp%3Fcod10%3D44474341%26tp%3D31059)"|"http://cdn.yoox.biz/44/44474341_2.JPG"|"Solid colour Round toeline Bow detailing Rubber sole No heel No No platform not made of fur Ballet flats  PVC"|"20.00"|"GBP"|"1182532283"|"760"|"Women shoes"|"FOOTWEAR_Ballet flats_D"|"44474341"|"PAUL FRANK - FOOTWEAR - Ballet flats"|""|"45.00"|""|"Now"|"1"|"7.00"|"Standard: Delivery in 4-6 working days"|""|"3,4,5,6,7"|"PAUL FRANK"|""|""|""|""|"New"|""|""|""|"YOOX_direct UK"|""|"209707"|"http://www.yoox.com/item.asp?cod10=44474341&tp=31059"|"color:Fuchsia - White - Turquoise;largeimage:http://cdn.yoox.biz/44/44474341DU_14_F.JPG;mediumimage:http://cdn.yoox.biz/44/44474341DU_12_F.JPG;sex:WOMEN"
"EMMA LOU - FOOTWEAR - Ballet flats"|"http://pdt.tradedoubler.com/click?a(2332345)p(209707)prod(1182533593)ttid(5)url(http%3A%2F%2Fwww.yoox.com%2Fitem.asp%3Fcod10%3D44484162%26tp%3D31059)"|"http://cdn.yoox.biz/44/44484162_2.JPG"|"Sueded Solid colour Round toeline Small studs Leather sole Flat heel No No platform not made of fur Ballet flats  Soft leather"|"42.00"|"GBP"|"1182533593"|"760"|"Women shoes"|"FOOTWEAR_Ballet flats_D"|"44484162"|"EMMA LOU - FOOTWEAR - Ballet flats"|""|"105.00"|""|"Now"|"1"|"7.00"|"Standard: Delivery in 4-6 working days"|""|"2,3,4,5,6,7"|"EMMA LOU"|""|""|""|""|"New"|""|""|""|"YOOX_direct UK"|""|"209707"|"http://www.yoox.com/item.asp?cod10=44484162&tp=31059"|"color:Beige - Red - Light green - Black;largeimage:http://cdn.yoox.biz/44/44484162RK_14_F.JPG;mediumimage:http://cdn.yoox.biz/44/44484162RK_12_F.JPG;sex:WOMEN"
"NANDO MUZI - FOOTWEAR - Ballet flats"|"http://pdt.tradedoubler.com/click?a(2332345)p(209707)prod(1182535563)ttid(5)url(http%3A%2F%2Fwww.yoox.com%2Fitem.asp%3Fcod10%3D44491242%26tp%3D31059)"|"http://cdn.yoox.biz/44/44491242_2.JPG"|"Solid colour Round toeline No appliqu&#233;s Leather/rubber sole No heel No No platform not made of fur Ballet flats  Artificial fibres, Soft leather"|"69.00"|"GBP"|"1182535563"|"760"|"Women shoes"|"FOOTWEAR_Ballet flats_D"|"44491242"|"NANDO MUZI - FOOTWEAR - Ballet flats"|""|"150.00"|""|"Now"|"1"|"7.00"|"Standard: Delivery in 4-6 working days"|""|"3,3.5,4,4.5,5,5.5,6,6.5,7,7.5"|"NANDO MUZI"|""|""|""|""|"New"|""|""|""|"YOOX_direct UK"|""|"209707"|"http://www.yoox.com/item.asp?cod10=44491242&tp=31059"|"color:Beige - Red - White - Black;largeimage:http://cdn.yoox.biz/44/44491242LV_14_F.JPG;mediumimage:http://cdn.yoox.biz/44/44491242LV_12_F.JPG;sex:WOMEN"
"CH?RIE AMOUR - FOOTWEAR - Ballet flats"|"http://pdt.tradedoubler.com/click?a(2332345)p(209707)prod(1212074693)ttid(5)url(http%3A%2F%2Fwww.yoox.com%2Fitem.asp%3Fcod10%3D44495509%26tp%3D31059)"|"http://cdn.yoox.biz/44/44495509_2.JPG"|"Canvas Solid colour Round toeline No appliqu&#233;s Leather/rubber sole Flat heel Canvas No No platform not made of fur Ballet flats  Canvas"|"42.00"|"GBP"|"1212074693"|"760"|"Women shoes"|"FOOTWEAR_Ballet flats_D"|"44495509"|"CH?RIE AMOUR - FOOTWEAR - Ballet flats"|""|"118.00"|""|"Now"|"1"|"7.00"|"Standard: Delivery in 4-6 working days"|""|"2,3,4,5,6,7,8"|"CH?RIE AMOUR"|""|""|""|""|"New"|""|""|""|"YOOX_direct UK"|""|"209707"|"http://www.yoox.com/item.asp?cod10=44495509&tp=31059"|"color:Yellow - Ivory - Light green;largeimage:http://cdn.yoox.biz/44/44495509AU_14_F.JPG;mediumimage:http://cdn.yoox.biz/44/44495509AU_12_F.JPG;sex:WOMEN"
"ALEXANDER WANG Boots Ankle boots on shoescribe.com"|"http://pdt.tradedoubler.com/click?a(2332345)p(219499)prod(1039664949)ttid(5)url(http%3A%2F%2Fwww.shoescribe.com%2Fitem.asp%3Fcod10%3D44437143GK%26tp%3D35352%26utm_source%3Ddirect_uk%26utm_medium%3Daffiliazione%26utm_campaign%3Dfeed_uk)"|"http://cdn.yoox.biz/44/44437143_11_F.jpg"|"Elasticised gores Narrow toeline Leather sole Wooden heel Protective shoe bag Lined interior No No"|"485.00"|"GBP"|"1039664949"|"760"|"Women shoes"|"Boots_Ankle boots_D"|""|"ALEXANDER WANG Boots Ankle boots on shoescribe.com"|""|"485.00"|""|"Now"|"1"|" Standard: 0  "|"Standard: Delivery in 4-6 working days - Express: Delivery in 1-3 working days"|""|"4.5,5,7.5"|"ALEXANDER WANG"|""|""|""|""|""|""|""|""|"Shoescribe UK"|""|"219499"|"http://www.shoescribe.com/item.asp?cod10=44437143GK&tp=35352&utm_source=direct_uk&utm_medium=affiliazione&utm_campaign=feed_uk"|"colori:Black;season:AI13;sex:WOMAN;shippingCost:0;shippingCostExpress:16.00;stilista:ALEXANDER WANG"
